filename,cell_number,center_of_mass_x,center_of_mass_y,mass,perimeter,spheroid_width,spheroid_height,spheroid_volume,spheroid_surface_area,mass,perimeter,mass/cell_mass,mass/perimeter,expectation_x,expectation_y,covariance_1,covariance_2,scatter_ratio
sample01-tr.png,1,308.657817,14.203540,339.000000,62.000000,22.055592,19.635164,4452.320340,1311.892103,71703.734190,62.000000,211.515440,1156.511842,308.518560,14.070334,5.394361,4.667083,0.058134
sample01-tr.png,2,411.027778,95.146199,684.000000,85.000000,30.322060,28.768214,13139.629974,2694.126849,123703.247314,85.000000,180.852701,1455.332321,411.359555,94.329351,7.315399,6.876622,0.057669
sample01-tr.png,3,185.925490,418.850980,255.000000,53.000000,18.583590,17.541272,2993.990559,1005.169351,52298.038576,53.000000,205.090347,986.755445,185.853814,418.720389,4.529907,4.217479,0.058607
sample01-tr.png,4,438.282322,259.089710,379.000000,63.000000,23.444069,20.635307,5227.011854,1460.663756,73386.747915,63.000000,193.632580,1164.869015,438.761561,258.889668,5.521525,5.106746,0.058285
sample01-tr.png,5,452.050992,185.532578,353.000000,64.000000,23.665428,19.045554,4494.694912,1327.768630,71657.289858,64.000000,202.995155,1119.645154,452.540026,185.501499,5.552748,4.513111,0.055600
sample01-tr.png,6,407.864198,380.950617,324.000000,61.000000,22.284905,18.550885,4015.491124,1228.829999,67436.983660,61.000000,208.138838,1105.524322,407.739957,380.898414,5.431515,4.404627,0.057870
sample01-tr.png,7,131.307692,323.401338,299.000000,58.000000,21.955514,17.374603,3470.339953,1118.891016,63549.108553,58.000000,212.538825,1095.674285,131.342136,323.376016,5.374049,4.240393,0.059738
sample01-tr.png,8,334.638756,311.954545,418.000000,69.000000,25.014948,21.327191,5957.520291,1596.266195,83954.343552,69.000000,200.847712,1216.729617,334.772966,312.093229,6.144668,5.145343,0.059262
sample01-tr.png,9,452.878289,62.723684,304.000000,58.000000,21.788066,17.811306,3619.168748,1147.933991,64427.617248,58.000000,211.932951,1110.820987,452.814828,62.791549,5.211843,4.224458,0.056735
sample01-tr.png,10,388.574132,282.343849,317.000000,60.000000,20.267487,20.009623,4248.898047,1268.666964,65776.642365,60.000000,207.497295,1096.277373,388.501571,282.256417,4.974789,4.889710,0.059982
sample01-tr.png,11,464.346296,464.327778,540.000000,78.000000,30.554364,22.565308,8146.187229,1988.369976,112419.842571,78.000000,208.184894,1441.280033,464.348783,464.253005,7.571498,5.546849,0.060914
sample01-tr.png,12,331.100000,24.975000,480.000000,72.000000,25.822546,23.745023,7623.297657,1875.491216,88800.711041,72.000000,185.001481,1233.343209,331.197794,24.294384,6.253799,5.709836,0.058237
sample01-tr.png,13,472.160584,413.510949,548.000000,79.000000,27.839984,25.157510,9225.776446,2131.074541,104560.464059,79.000000,190.803767,1323.550178,472.312387,413.446883,6.746367,6.112566,0.058879
sample01-tr.png,14,497.905371,466.943734,391.000000,67.000000,23.799626,20.976000,5482.947628,1507.875782,82461.523706,67.000000,210.899038,1230.769011,497.900334,467.036781,5.736322,4.973492,0.057148
sample01-tr.png,15,213.647059,134.582353,340.000000,61.000000,21.899247,19.788684,4490.157786,1318.574913,70577.862051,61.000000,207.581947,1157.014132,213.688722,134.654657,5.376561,4.805828,0.059625
sample01-tr.png,16,412.592105,398.223684,152.000000,50.000000,18.733319,11.254013,1242.304745,582.685357,18249.405156,50.000000,120.061876,364.988103,412.611149,398.419571,4.362649,3.152526,0.065236
sample01-tr.png,17,460.853420,394.071661,307.000000,58.000000,22.776307,17.381883,3603.093837,1150.729400,47385.287752,58.000000,154.349472,816.987720,461.094663,393.905678,5.491431,4.192148,0.058149
sample01-tr.png,18,358.735450,392.671958,378.000000,67.000000,24.454749,19.819607,5029.813607,1430.445940,80850.573194,67.000000,213.890405,1206.724973,358.725620,392.621410,6.042068,4.774845,0.059523
sample01-tr.png,19,456.708029,137.609489,274.000000,55.000000,19.388016,18.013220,3293.932514,1071.617692,56582.563586,55.000000,206.505707,1028.773883,456.736930,137.666268,4.640516,4.244868,0.056403
sample01-tr.png,20,452.144608,375.590686,408.000000,65.000000,23.688941,21.994101,6000.075014,1598.363430,84291.311407,65.000000,206.596351,1296.789406,452.308846,375.942210,5.833298,5.349964,0.059898
sample01-tr.png,21,245.437326,232.610028,359.000000,64.000000,22.688987,20.234988,4864.291767,1391.520223,67877.949111,64.000000,189.075067,1060.592955,245.617759,231.880737,5.412276,4.985307,0.058770
sample01-tr.png,22,483.992416,108.664139,923.000000,101.000000,34.851466,33.759886,20798.002036,3657.993966,175105.017046,101.000000,189.712911,1733.713040,484.393191,108.364871,8.769844,8.075612,0.060193
sample01-tr.png,23,446.428571,452.501742,287.000000,56.000000,21.045399,17.503183,3375.902063,1094.671378,47264.599824,56.000000,164.685017,844.010711,446.014650,451.912604,5.200953,4.225369,0.059659
sample01-tr.png,24,454.902230,114.253859,583.000000,80.000000,28.229572,26.472158,10358.135728,2299.609834,113218.597107,80.000000,194.199995,1415.232464,455.369526,113.722926,6.838289,6.525866,0.059716
sample01-tr.png,25,452.128440,18.561927,436.000000,68.000000,25.402466,22.014267,6445.890873,1680.932104,76255.516818,68.000000,174.897974,1121.404659,452.731539,18.178252,6.040976,5.223393,0.056426
sample01-tr.png,26,258.846154,249.708940,481.000000,74.000000,26.447042,23.288676,7510.439113,1859.872476,88338.648710,74.000000,183.656234,1193.765523,259.352212,249.383001,6.321390,5.721765,0.058725
sample01-tr.png,27,399.206349,402.465608,378.000000,67.000000,24.567106,20.005567,5148.187565,1452.319856,76856.546483,67.000000,203.324197,1147.112634,399.813695,402.436182,5.983772,4.873104,0.059330
sample01-tr.png,28,424.435374,500.607143,588.000000,74.000000,29.809832,25.363634,10041.095387,2260.982847,117001.830371,74.000000,198.982705,1581.105816,424.863258,500.548733,7.277366,6.113680,0.058845
sample01-tr.png,29,381.506718,42.664107,521.000000,76.000000,27.213351,24.436058,8508.302738,2019.566199,99715.403193,76.000000,191.392329,1312.044779,381.815315,41.875471,6.510706,6.016229,0.058903
sample01-tr.png,30,433.913444,79.731123,543.000000,78.000000,29.294787,23.656871,8584.273827,2043.386517,108423.349830,78.000000,199.674677,1390.042947,434.346170,79.584572,7.209039,5.693534,0.059226
sample01-tr.png,31,475.695929,211.969466,786.000000,93.000000,35.449603,28.244467,14807.330758,2941.918333,158287.111995,93.000000,201.383094,1702.011957,475.753724,211.755475,8.859310,6.987366,0.061826
sample01-tr.png,32,407.402685,447.062640,447.000000,71.000000,25.479797,22.448092,6722.850780,1727.424892,91737.427941,71.000000,205.229145,1292.076450,407.584407,447.065483,6.293069,5.397667,0.059387
sample01-tr.png,33,423.946746,47.627219,1183.000000,115.000000,43.514589,34.638898,27337.679655,4427.756454,228969.597715,115.000000,193.549956,1991.039980,423.990358,47.403327,10.883777,8.516369,0.061494
sample01-tr.png,34,480.522222,385.762963,810.000000,96.000000,38.128218,27.143855,14709.170708,2959.689715,158421.895734,96.000000,195.582587,1650.228081,480.932941,385.558721,9.478620,6.559163,0.060072
sample01-tr.png,35,474.334421,57.934747,613.000000,84.000000,30.061494,26.142078,10756.956484,2364.549471,115980.953932,84.000000,189.202209,1380.725642,474.948055,57.936698,7.251417,6.362240,0.058706
sample01-tr.png,36,397.258278,334.348786,453.000000,70.000000,24.364290,23.708939,7170.948485,1798.563085,88048.151412,70.000000,194.366780,1257.830734,397.280743,334.187098,5.956142,5.761845,0.059410
sample01-tr.png,37,258.853748,313.689214,547.000000,78.000000,28.727326,24.313561,8891.826402,2085.606151,108250.548997,78.000000,197.898627,1387.827551,259.063969,313.621176,7.135896,5.897233,0.060249
sample01-tr.png,38,461.986343,83.789074,659.000000,87.000000,30.747514,27.447619,12128.803781,2558.619738,121549.745033,87.000000,184.445744,1397.123506,462.850965,83.714924,7.555702,6.515465,0.058332
sample01-tr.png,39,487.133495,264.165049,412.000000,68.000000,25.846557,20.360144,5610.002110,1541.719274,89579.465151,68.000000,217.425886,1317.345076,487.130631,264.211013,6.362664,4.907049,0.059330
sample01-tr.png,40,466.926230,356.073770,488.000000,74.000000,25.916117,24.003765,7818.569224,1906.998151,98407.499887,74.000000,201.654713,1329.831080,466.918683,355.922935,6.431322,5.835472,0.060329
sample01-tr.png,41,400.756793,121.434783,736.000000,90.000000,31.871406,29.450827,14474.208867,2875.341695,136693.714098,90.000000,185.725155,1518.819046,401.332139,121.544051,7.779923,7.203625,0.059707
sample01-tr.png,42,91.741071,256.636905,336.000000,61.000000,23.652024,18.129682,4070.495647,1247.725428,67659.090013,61.000000,201.366339,1109.165410,91.991360,256.764987,5.833121,4.428717,0.060245
sample01-tr.png,43,498.194651,137.320951,673.000000,86.000000,31.744198,27.067047,12177.124474,2570.923487,130783.200503,86.000000,194.328678,1520.734890,498.135879,137.154902,7.647451,6.716737,0.059782
sample01-tr.png,44,328.647436,202.732906,468.000000,72.000000,24.702366,24.204180,7577.360312,1865.783983,85715.824856,72.000000,183.153472,1190.497567,329.189965,202.177234,6.095026,5.829042,0.059422
sample01-tr.png,45,294.936097,229.936097,579.000000,80.000000,28.246374,26.215948,10164.650710,2271.451576,105200.288648,80.000000,181.693072,1315.003608,295.469502,230.009038,6.730174,6.363716,0.057837
sample01-tr.png,46,287.157233,207.216981,318.000000,59.000000,21.802033,18.631156,3962.554400,1216.159857,65338.035141,59.000000,205.465519,1107.424324,287.110652,207.277619,5.270250,4.601804,0.059707
sample01-tr.png,47,254.353448,493.727011,348.000000,62.000000,23.324153,19.058580,4435.939411,1314.764083,71995.168610,62.000000,206.882668,1161.212397,254.376962,493.720257,5.751128,4.708998,0.060924
sample01-tr.png,48,133.941349,412.648094,341.000000,64.000000,21.749909,20.065042,4584.966896,1336.196169,64761.814399,64.000000,189.917344,1011.903350,133.658124,412.273321,5.260629,4.890676,0.058953
sample01-tr.png,49,373.675000,164.985294,680.000000,87.000000,30.091365,28.841021,13105.747137,2689.036845,123861.971813,87.000000,182.149959,1423.700825,374.322289,164.635632,7.312701,6.854336,0.057755
sample01-tr.png,50,356.551181,472.388451,381.000000,67.000000,22.832591,21.403418,5476.714475,1503.661346,76433.318697,67.000000,200.612385,1140.795801,356.675444,472.176569,5.659548,5.244310,0.060734
sample01-tr.png,51,436.648810,474.942857,840.000000,96.000000,33.691136,31.838369,17881.992172,3308.817377,152762.265565,96.000000,181.859840,1591.273600,437.274997,474.243795,8.225165,7.751372,0.059437
sample01-tr.png,52,40.789720,243.028037,214.000000,49.000000,17.919254,15.269936,2187.726158,818.594338,42858.641895,49.000000,200.274028,874.666161,40.690510,242.940139,4.340133,3.743013,0.059370
sample01-tr.png,53,475.453376,28.480707,622.000000,83.000000,30.284449,26.276440,10948.417329,2392.785587,124463.003422,83.000000,200.101292,1499.554258,475.454373,28.019051,7.431919,6.391553,0.059693
sample01-tr.png,54,203.597403,407.015584,385.000000,67.000000,23.529805,20.935283,5399.762330,1491.994460,73083.607127,67.000000,189.827551,1090.800106,203.365219,406.717154,5.760142,5.139261,0.060095
sample01-tr.png,55,398.537190,32.363636,242.000000,52.000000,18.553299,16.833189,2752.660106,951.418565,40843.833149,52.000000,168.776170,785.458330,398.699181,31.946903,4.566701,3.991573,0.058366
sample01-tr.png,56,489.700772,79.733591,518.000000,77.000000,27.935439,23.818341,8298.070576,1990.880466,87420.026185,77.000000,168.764529,1135.325015,489.929518,80.009510,6.555003,5.778389,0.056926
sample01-tr.png,57,126.957516,239.349673,306.000000,58.000000,23.130084,16.949202,3479.159410,1128.538803,61989.091333,58.000000,202.578730,1068.777437,126.721097,239.507307,5.553289,4.177881,0.059181
sample01-tr.png,58,181.649596,153.827493,371.000000,63.000000,21.961611,21.559460,5344.887597,1478.436928,73021.168053,63.000000,196.822555,1159.066160,181.782615,153.589986,5.476133,5.251895,0.060742
sample01-tr.png,59,428.800699,116.132867,572.000000,81.000000,29.927875,24.458730,9374.374599,2165.113393,106323.193171,81.000000,185.879708,1312.632014,428.769829,115.153369,7.159841,6.015395,0.058838
sample01-tr.png,60,363.217252,143.827476,313.000000,60.000000,20.923582,19.258484,4063.299896,1232.897740,58458.246922,60.000000,186.767562,974.304115,363.351549,144.670969,4.913157,4.594746,0.056023
sample01-tr.png,61,266.223320,289.632411,506.000000,75.000000,27.201809,23.746249,8031.310634,1945.662939,93523.120310,75.000000,184.828301,1246.974937,266.489766,289.610559,6.622901,5.684992,0.058289
sample01-tr.png,62,326.558025,95.883951,405.000000,67.000000,23.744682,21.849309,5935.269085,1587.223426,80146.116438,67.000000,197.891646,1196.210693,326.919502,95.554350,5.895817,5.176642,0.058829
sample01-tr.png,63,248.140379,274.537855,634.000000,87.000000,32.226350,25.679433,11127.064453,2431.620871,118344.370967,87.000000,186.663046,1360.280126,248.434310,274.062451,7.835879,6.306527,0.059715
sample01-tr.png,64,272.248748,32.000000,599.000000,81.000000,28.257826,27.033604,10812.976926,2365.545681,111043.649798,81.000000,185.381719,1370.909257,272.336951,31.210640,6.944304,6.522467,0.059292
sample01-tr.png,65,350.670382,97.299363,628.000000,84.000000,30.590515,26.295304,11074.951075,2412.316018,117938.913261,84.000000,187.800817,1404.034682,351.215350,96.702648,7.406695,6.435988,0.059262
sample01-tr.png,66,418.108827,278.135429,827.000000,93.000000,34.610263,30.505652,16864.137258,3189.073970,153385.724352,93.000000,185.472460,1649.308864,418.509786,277.325767,8.583488,7.397433,0.060139
sample01-tr.png,67,403.711183,305.780673,921.000000,102.000000,38.174177,30.757896,18909.564801,3459.976133,177090.204079,102.000000,192.280352,1736.178471,403.607724,305.609546,9.437444,7.596551,0.061058
sample01-tr.png,68,282.763804,307.248466,326.000000,61.000000,20.766713,20.064728,4377.568234,1294.385190,61088.827874,61.000000,187.389043,1001.456195,282.919561,307.075050,5.040403,4.946767,0.059839
sample01-tr.png,69,183.355372,381.272727,242.000000,53.000000,18.879215,16.344461,2640.728446,927.254810,50480.395607,53.000000,208.596676,952.460294,183.375477,381.292370,4.653527,3.914843,0.059039
sample01-tr.png,70,391.956757,187.106306,555.000000,79.000000,27.804685,25.445234,9426.044650,2160.903429,111160.746257,79.000000,200.289633,1407.098054,391.812462,186.911006,6.864797,6.218379,0.060337
sample01-tr.png,71,439.157343,389.251748,286.000000,56.000000,20.499920,17.997488,3476.758805,1113.133364,42162.030907,56.000000,147.419688,752.893409,438.773057,389.260062,5.052741,4.320939,0.059175
sample01-tr.png,72,417.666274,423.817217,848.000000,98.000000,34.710141,31.318554,17826.185241,3306.171668,151934.001944,98.000000,179.167455,1550.346959,418.178821,423.850903,8.505948,7.545440,0.059040
sample01-tr.png,73,278.214511,266.910095,634.000000,85.000000,32.179149,25.154718,10661.346990,2366.863776,116354.103267,85.000000,183.523822,1368.871803,278.187598,266.701730,7.638574,6.183366,0.058350
sample01-tr.png,74,327.641414,378.469697,396.000000,67.000000,25.010451,20.215038,5351.422691,1491.076857,81668.454384,67.000000,206.233471,1218.932155,327.607837,378.274572,6.152137,4.935921,0.060062
sample01-tr.png,75,174.771028,39.817757,214.000000,50.000000,16.863231,16.209478,2319.943786,847.726382,41171.340327,50.000000,192.389441,823.426807,174.693633,39.632523,4.052565,3.965943,0.058799
sample01-tr.png,76,353.746711,451.667763,304.000000,61.000000,21.118828,18.468819,3771.782666,1175.453162,51834.206353,61.000000,170.507258,849.741088,353.761681,451.442132,5.265995,4.470237,0.060353
sample01-tr.png,77,376.983838,318.202020,495.000000,73.000000,26.938446,23.464013,7765.613216,1902.710094,95921.283729,73.000000,193.780371,1313.990188,376.907254,317.846521,6.632495,5.741706,0.060248
sample01-tr.png,78,99.154440,35.158301,259.000000,53.000000,20.922569,15.841281,2749.123190,961.529308,54020.173732,53.000000,208.572099,1019.248561,99.023133,35.070426,5.180108,3.817017,0.059656
sample01-tr.png,79,374.912587,407.059441,286.000000,57.000000,21.292819,17.653324,3474.439784,1116.091069,45915.843063,57.000000,160.544906,805.541106,375.186731,406.958940,5.075416,4.306982,0.058155
sample01-tr.png,80,474.149144,133.709046,409.000000,72.000000,26.664910,19.968577,5567.150983,1540.631436,67287.200511,72.000000,164.516383,934.544452,474.245483,133.241935,6.606485,4.793077,0.059470
sample01-tr.png,81,247.557078,296.205479,219.000000,58.000000,19.991896,14.623996,2238.642411,841.266823,35886.534551,58.000000,163.865455,618.733354,247.491811,295.715221,4.645886,3.629475,0.057676
sample01-tr.png,82,121.937500,92.299632,544.000000,77.000000,29.083585,23.849386,8661.656305,2053.464804,104724.490237,77.000000,192.508254,1360.058315,121.620589,92.074071,7.255919,5.778126,0.060444
sample01-tr.png,83,484.325967,448.287293,362.000000,63.000000,24.177507,19.183524,4658.723496,1361.326160,74380.388393,63.000000,205.470686,1180.641086,484.327086,448.254510,5.832872,4.563895,0.057396
sample01-tr.png,84,361.871212,37.810606,264.000000,57.000000,19.172632,17.726747,3154.557446,1041.305859,50102.265324,57.000000,189.781308,878.987111,361.649849,37.653912,4.637416,4.241528,0.057875
sample01-tr.png,85,143.287206,354.746736,383.000000,64.000000,23.101487,21.152098,5411.846469,1492.699623,70496.124987,64.000000,184.062990,1101.501953,143.292520,354.058421,5.529567,5.186361,0.058690
sample01-tr.png,86,280.188841,245.351931,233.000000,53.000000,19.192034,15.829491,2517.987341,900.788970,42425.281454,53.000000,182.082753,800.477009,280.427752,245.176495,4.578607,3.855168,0.058102
sample01-tr.png,87,414.150094,15.088180,533.000000,78.000000,27.985348,24.441944,8753.884434,2060.633987,99469.192272,78.000000,186.621374,1275.246055,414.433963,15.499175,6.581787,5.925650,0.057018
sample01-tr.png,88,67.587629,427.092784,291.000000,55.000000,20.342715,18.278560,3558.701181,1129.483640,49130.165333,55.000000,168.832183,893.275733,67.567388,426.898539,4.779400,4.456695,0.057284
sample01-tr.png,89,364.450082,191.101473,611.000000,82.000000,28.831724,27.028204,11028.174060,2397.757669,117409.861471,82.000000,192.160166,1431.827579,364.146468,190.701774,7.126818,6.521725,0.059644
sample01-tr.png,90,269.192182,224.275244,614.000000,83.000000,30.375326,25.809481,10594.442628,2343.480847,117337.297494,83.000000,191.103090,1413.702379,269.406087,224.256543,7.495249,6.258172,0.059832
sample01-tr.png,91,495.740944,308.896817,911.000000,95.000000,35.956382,32.287639,19626.695691,3525.823058,167225.318549,95.000000,183.562369,1760.266511,496.244230,308.486782,8.656114,7.968719,0.059415
sample01-tr.png,92,462.382883,260.433934,666.000000,86.000000,30.334323,28.099709,12541.126808,2613.093217,115990.380658,86.000000,174.159731,1348.725356,462.686414,259.979533,7.344916,6.587382,0.056763
sample01-tr.png,93,325.919094,251.427184,309.000000,60.000000,22.278131,17.913858,3743.308641,1175.401491,57350.486777,60.000000,185.600281,955.841446,326.363709,251.529331,5.460131,4.368788,0.059772
sample01-tr.png,94,427.337808,365.659955,894.000000,101.000000,36.429525,31.345751,18741.721726,3425.497292,167771.818857,101.000000,187.664227,1661.107117,427.740753,365.288623,9.005057,7.619977,0.060091
sample01-tr.png,95,446.420238,210.976190,840.000000,95.000000,35.995970,29.763325,16696.113456,3178.784346,159532.557444,95.000000,189.919711,1679.290078,446.118085,210.686382,8.927944,7.215064,0.060125
sample01-tr.png,96,234.050847,57.618644,590.000000,78.000000,28.971450,25.982955,10241.083825,2285.317914,110033.846520,78.000000,186.498045,1410.690340,234.198343,57.108213,6.962686,6.335629,0.058601
sample01-tr.png,97,371.574627,285.369403,268.000000,57.000000,21.364063,16.168604,2924.337778,1002.001766,44818.793813,57.000000,167.234305,786.294628,371.406189,285.243443,5.023343,3.821766,0.055578
sample01-tr.png,98,273.770758,90.077617,554.000000,79.000000,29.563261,23.911854,8850.696622,2085.211985,105538.933531,79.000000,190.503490,1335.935867,273.755274,90.242936,7.115326,5.954996,0.059939
sample01-tr.png,99,500.168750,61.487500,320.000000,61.000000,21.093715,19.554975,4223.439107,1264.830745,68556.330171,61.000000,214.238532,1123.874265,500.076852,61.632506,5.125932,4.711065,0.058544
sample01-tr.png,100,54.858300,249.133603,247.000000,52.000000,20.077442,15.713464,2595.678244,922.762933,39354.594140,52.000000,159.330341,756.819118,55.043905,249.162381,4.862765,3.759578,0.057948
sample01-tr.png,101,219.104809,108.316893,811.000000,95.000000,35.028542,29.526522,15989.882890,3084.866411,155786.444183,95.000000,192.091793,1639.857307,219.213967,108.084876,8.668466,7.307155,0.061243
sample01-tr.png,102,387.666667,77.472574,711.000000,88.000000,31.996815,28.337636,13453.416902,2742.551663,131102.336410,88.000000,184.391472,1489.799277,387.969353,76.514364,7.784141,6.870137,0.058980
sample01-tr.png,103,424.161243,333.971893,676.000000,87.000000,29.421730,29.331275,13253.443163,2708.345106,131162.948787,87.000000,194.028031,1507.620101,424.415289,333.586512,7.326322,7.149735,0.060698
sample01-tr.png,104,125.480076,119.309298,527.000000,78.000000,26.533595,25.434118,8987.275750,2091.093739,98226.319093,78.000000,186.387702,1259.311783,125.282876,118.749439,6.451243,6.251222,0.059758
sample01-tr.png,105,481.391941,470.318681,273.000000,66.000000,22.640904,16.508264,3230.689334,1074.692099,37971.894867,66.000000,139.091190,575.331740,481.091222,471.108707,5.725905,3.727529,0.057104
sample01-tr.png,106,248.643545,38.335260,519.000000,78.000000,27.692075,24.227560,8510.860646,2022.156251,93952.845569,78.000000,181.026677,1204.523661,248.866217,37.576895,6.660090,5.849246,0.058065
sample01-tr.png,107,361.687225,65.563877,908.000000,101.000000,36.676911,31.736972,19342.933302,3497.373904,173397.665582,101.000000,190.966592,1716.808570,361.984230,65.214396,9.002008,7.847009,0.060686
sample01-tr.png,108,425.963585,396.879552,357.000000,76.000000,26.979738,18.738883,4960.480356,1437.958633,73778.749829,76.000000,206.663165,970.773024,425.814661,396.770541,6.524145,4.593686,0.059279
sample01-tr.png,109,115.352041,18.966837,784.000000,93.000000,33.804826,29.564329,15470.821825,3011.957848,145682.438532,93.000000,185.819437,1566.477834,115.315468,18.287968,8.418925,7.093389,0.059754
sample01-tr.png,110,432.333333,298.129477,363.000000,63.000000,23.587506,19.758238,4821.443349,1387.666474,76232.353147,63.000000,210.006482,1210.037352,432.342453,298.166883,5.789570,4.783953,0.059430
sample01-tr.png,111,260.402367,56.653846,338.000000,62.000000,23.968123,18.138298,4128.817689,1261.061689,71092.256373,62.000000,210.332119,1146.649296,260.428966,56.560744,5.853377,4.461677,0.060072
sample01-tr.png,112,207.064777,212.356275,247.000000,53.000000,19.211524,16.379898,2698.875474,941.562949,51284.396110,53.000000,207.629134,967.630115,207.116176,212.200807,4.573357,3.992534,0.058024
sample01-tr.png,113,215.191943,171.340047,844.000000,96.000000,33.772536,31.920664,18017.981738,3325.560439,160395.190100,96.000000,190.041694,1670.783230,215.130284,170.814328,8.564213,7.713737,0.061280
sample01-tr.png,114,76.317680,193.751381,362.000000,63.000000,22.623349,20.407188,4933.121697,1404.015562,72607.161278,63.000000,200.572269,1152.494623,76.204084,193.687556,5.607984,5.026865,0.061061
sample01-tr.png,115,475.940351,150.410526,285.000000,67.000000,28.586597,13.400590,2687.874187,1019.769752,55839.889954,67.000000,195.929438,833.431193,475.958042,150.306782,6.312829,3.245444,0.053483
sample01-tr.png,116,299.905689,89.547904,668.000000,85.000000,30.898109,27.572479,12299.349716,2582.583972,127368.595753,85.000000,190.671551,1498.454068,300.263432,89.494498,7.628818,6.786789,0.060773
sample01-tr.png,117,374.832536,346.636364,627.000000,84.000000,29.878237,26.778778,11218.508039,2428.566934,121351.876976,84.000000,193.543663,1444.665202,374.658696,346.536050,7.446952,6.534281,0.060818
sample01-tr.png,118,140.453925,335.351536,293.000000,61.000000,23.142484,16.824670,3430.059901,1118.800284,45410.884040,61.000000,154.985952,744.440722,140.540317,335.309159,5.701379,3.951177,0.057856
sample01-tr.png,119,398.531073,54.214689,177.000000,46.000000,16.003449,14.371031,1730.565682,698.479916,35282.093705,46.000000,199.333863,767.002037,398.594130,53.958325,3.879150,3.499719,0.059029
sample01-tr.png,120,487.447059,166.752941,595.000000,83.000000,29.807685,26.035137,10579.048488,2337.922743,107604.602944,83.000000,180.848072,1296.440999,488.186604,166.665282,7.286730,6.257223,0.058752
sample01-tr.png,121,452.735632,41.473563,435.000000,75.000000,24.885511,22.833034,6793.168984,1736.852803,79635.683106,75.000000,183.070536,1061.809108,452.999086,40.752374,6.168650,5.394843,0.058568
sample01-tr.png,122,446.562244,412.803010,731.000000,91.000000,34.213751,27.596722,13643.139309,2783.092798,139616.047225,91.000000,190.993225,1534.242277,446.574035,412.007007,8.387965,6.832322,0.060697
sample01-tr.png,123,207.709821,193.156250,224.000000,53.000000,18.286490,15.734697,2370.531498,863.139475,42308.356268,53.000000,188.876590,798.270873,207.591767,192.921204,4.390817,3.837199,0.058556
sample01-tr.png,124,280.075061,11.559322,413.000000,70.000000,28.478926,18.694705,5211.460437,1496.504069,69107.218848,70.000000,167.329828,987.245984,280.518951,11.256327,6.974947,4.434576,0.058097
sample01-tr.png,125,141.348684,104.394737,304.000000,61.000000,22.256733,17.710820,3655.420751,1157.832636,55787.357541,61.000000,183.511045,914.546845,141.718673,104.176568,5.294310,4.292760,0.057656
sample01-tr.png,126,280.717868,68.109718,319.000000,60.000000,22.799139,17.872050,3812.991474,1192.277297,66886.036989,60.000000,209.674097,1114.767283,280.801231,68.184300,5.571228,4.305199,0.058864
sample01-tr.png,127,455.956873,160.227763,742.000000,93.000000,34.897141,27.255077,13573.232542,2780.475827,135867.824434,93.000000,183.110276,1460.944349,455.817958,160.528059,8.671253,6.461347,0.058907
sample01-tr.png,128,351.673947,329.268331,641.000000,86.000000,31.357170,26.132203,11212.114790,2436.469683,116630.606349,86.000000,181.951024,1356.169841,352.211520,328.809424,7.698604,6.310058,0.059283
sample01-tr.png,129,399.845614,359.407018,570.000000,82.000000,27.859423,26.359849,10135.766068,2266.153939,101833.929274,82.000000,178.656016,1241.877186,400.168219,358.896105,6.831251,6.225861,0.057914
sample01-tr.png,130,424.671255,179.534413,1235.000000,115.000000,43.637922,36.202956,29946.823479,4691.648665,235370.396565,115.000000,190.583317,2046.699101,424.827990,179.202520,10.852406,8.969196,0.061613
sample01-tr.png,131,101.214092,354.891599,369.000000,64.000000,22.179698,21.319515,5278.480162,1466.482027,72058.663344,64.000000,195.280930,1125.916615,101.119845,354.656974,5.506113,5.224666,0.060837
sample01-tr.png,132,402.202096,210.619760,668.000000,86.000000,29.966973,28.615487,12848.243929,2653.850785,123562.313745,86.000000,184.973524,1436.771090,402.500724,210.187392,7.444052,6.860242,0.059553
sample01-tr.png,133,82.477404,87.229432,863.000000,97.000000,36.830863,29.928610,17273.630076,3255.460576,158788.074688,97.000000,183.995452,1636.990461,82.513865,86.433667,9.115334,7.197863,0.059522
sample01-tr.png,134,292.917308,288.286538,520.000000,74.000000,27.089021,24.596911,8581.299709,2030.301083,92636.980876,74.000000,178.148040,1251.851093,292.665836,287.927958,6.556387,5.975049,0.058794
sample01-tr.png,135,471.509169,329.592233,927.000000,102.000000,37.032210,32.254903,20172.964369,3595.582398,169657.275060,102.000000,183.017557,1663.306618,472.342637,329.705961,9.262079,7.717469,0.059842
sample01-tr.png,136,392.736626,254.730864,1215.000000,114.000000,40.965397,37.804636,30655.324202,4742.193701,229341.576564,114.000000,188.758499,2011.768215,392.988389,254.344993,10.248187,9.205225,0.060914
sample01-tr.png,137,376.433594,219.369141,512.000000,75.000000,26.969668,24.190235,8263.316497,1980.693141,100404.351808,75.000000,196.102250,1338.724691,376.499227,219.332929,6.604681,5.973673,0.060475
sample01-tr.png,138,43.026506,263.937349,415.000000,71.000000,24.458919,21.872148,6126.589162,1622.719234,76796.164705,71.000000,185.050999,1081.636123,42.711351,263.428061,5.933277,5.284949,0.058615
sample01-tr.png,139,389.072758,144.402707,591.000000,83.000000,32.001436,23.800997,9492.014871,2200.227903,104916.340169,83.000000,177.523418,1264.052291,389.494958,144.112645,8.121086,5.618940,0.059911
sample01-tr.png,140,174.566202,307.087108,574.000000,80.000000,29.725544,24.652677,9459.248066,2176.065315,107291.888974,80.000000,186.919667,1341.148612,174.842115,306.410072,7.199455,5.966550,0.058618
sample01-tr.png,141,88.413481,171.794769,994.000000,106.000000,39.373887,32.292082,21498.047180,3764.281248,185288.456364,106.000000,186.406898,1748.004305,88.427572,171.187454,9.887974,7.780910,0.060511
sample01-tr.png,142,447.511971,281.779006,543.000000,80.000000,28.445635,24.496091,8937.330685,2090.760494,99476.014144,80.000000,183.197079,1243.450177,447.925414,281.436980,6.798209,6.030723,0.058837
sample01-tr.png,143,252.210356,110.196332,927.000000,101.000000,39.806392,29.682375,18363.215085,3415.230112,172794.386020,101.000000,186.401711,1710.835505,252.089174,109.542602,9.775934,7.267722,0.060132
sample01-tr.png,144,331.470696,289.564103,546.000000,78.000000,28.918764,24.350146,8978.039241,2099.686438,97332.970149,78.000000,178.265513,1247.858592,332.452051,289.381891,7.134118,5.706929,0.057818
sample01-tr.png,145,433.431438,24.384615,299.000000,68.000000,21.968528,19.057699,4177.731290,1258.829718,49670.700324,68.000000,166.122744,730.451475,434.296710,24.668933,5.544284,4.359898,0.057736
sample01-tr.png,146,122.464678,43.582418,637.000000,88.000000,33.342513,24.498691,10478.104199,2352.903132,122092.781741,88.000000,191.668417,1387.417974,122.537302,43.296008,8.225734,6.047881,0.060903
sample01-tr.png,147,142.124722,275.957684,449.000000,71.000000,25.210848,22.727243,6818.354732,1742.154454,88087.188056,71.000000,196.185274,1240.664621,142.051338,275.705789,6.247238,5.547090,0.060481
sample01-tr.png,148,311.580475,270.526385,758.000000,92.000000,34.839583,27.912397,14212.347991,2861.385898,146038.192149,92.000000,192.662523,1587.371654,311.912285,270.530458,8.788691,6.827386,0.061703
sample01-tr.png,149,446.670996,345.264069,462.000000,73.000000,26.708815,22.342072,6980.718938,1776.109889,77246.817752,73.000000,167.200904,1058.175586,446.981204,345.325188,6.480430,5.396386,0.058604
sample01-tr.png,150,342.051800,162.013169,1139.000000,115.000000,41.544512,35.082630,26772.971482,4349.356750,214681.739866,115.000000,188.482651,1866.797738,342.057320,161.706545,10.500548,8.439198,0.060801
sample01-tr.png,151,304.154737,39.292632,950.000000,102.000000,39.322961,30.838833,19581.263328,3548.771446,185281.371593,102.000000,195.033023,1816.484035,303.967548,39.177118,9.959119,7.569866,0.062168
sample01-tr.png,152,437.263158,444.167183,323.000000,87.000000,29.486996,20.350997,6394.410731,1704.459492,60619.387770,87.000000,187.676123,696.774572,436.311152,444.496722,6.956748,4.926597,0.057113
sample01-tr.png,153,221.440329,465.090535,243.000000,53.000000,20.053549,15.566808,2544.421076,911.190890,50835.676052,53.000000,209.200313,959.163699,221.558888,465.018522,4.933573,3.773569,0.059638
sample01-tr.png,154,261.724891,135.689956,229.000000,53.000000,19.427177,15.191125,2347.405983,863.004296,37335.146764,53.000000,163.035575,704.436731,261.700015,135.234698,4.763788,3.714021,0.059951
sample01-tr.png,155,226.939535,81.125581,430.000000,70.000000,24.770029,22.286401,6441.766984,1677.519539,83043.879767,70.000000,193.125302,1186.341140,226.989306,80.856544,6.041802,5.440071,0.059539
sample01-tr.png,156,231.406709,303.035639,477.000000,74.000000,27.518230,22.197805,7099.686921,1800.564099,95434.171439,74.000000,200.071638,1289.650965,231.448582,302.717627,6.807197,5.483296,0.061105
sample01-tr.png,157,217.263027,446.821340,403.000000,67.000000,25.438401,20.255554,5464.830304,1513.738607,69831.967026,67.000000,173.280315,1042.268165,217.184818,446.242970,6.140146,4.914771,0.058566
sample01-tr.png,158,219.527027,279.352853,666.000000,87.000000,29.928278,28.551626,12774.444562,2643.719496,119897.402026,87.000000,180.026129,1378.131058,219.728876,278.754943,7.130734,6.996395,0.058384
sample01-tr.png,159,351.176591,213.926078,487.000000,73.000000,25.580401,24.325759,7925.720744,1923.255478,94890.745340,73.000000,194.847526,1299.873224,351.223906,213.913405,6.285649,5.995518,0.060562
sample01-tr.png,160,168.522273,114.513057,651.000000,84.000000,31.898430,26.097364,11375.257122,2462.983264,121354.774366,84.000000,186.412864,1444.699695,168.371150,113.971835,7.769820,6.359153,0.059353
sample01-tr.png,161,380.344279,379.697512,1005.000000,108.000000,38.407533,33.593125,22694.249970,3888.497298,185114.118236,108.000000,184.193152,1714.019613,380.370234,379.513570,9.556499,8.086982,0.059899
sample01-tr.png,162,196.440860,484.344086,186.000000,47.000000,16.665014,14.215853,1763.397197,708.950212,38328.847021,47.000000,206.069070,815.507383,196.393794,484.318952,4.093844,3.363361,0.058120
sample01-tr.png,163,259.998138,154.081937,537.000000,78.000000,27.931545,24.551635,8815.651550,2069.714050,96403.146335,78.000000,179.521688,1235.937774,260.291077,153.281026,6.730277,5.971689,0.058608
sample01-tr.png,164,335.392931,76.525988,481.000000,75.000000,25.875716,24.007091,7808.544211,1905.282103,86136.754265,75.000000,179.078491,1148.490057,335.719146,75.951460,6.198012,5.888449,0.058752
sample01-tr.png,165,302.451493,398.375000,536.000000,77.000000,27.472517,24.912144,8927.283008,2084.605926,96156.688088,77.000000,179.396806,1248.788157,302.502857,397.899080,6.652476,5.910838,0.057454
sample01-tr.png,166,154.085670,51.985981,642.000000,84.000000,31.656625,25.865320,11089.167338,2421.728891,123484.096308,84.000000,192.342829,1470.048766,153.888097,51.743673,7.903666,6.287598,0.060692
sample01-tr.png,167,163.300567,140.637051,529.000000,76.000000,27.025712,24.984855,8833.431232,2068.744912,100159.331881,76.000000,189.337111,1317.885946,163.358705,140.210840,6.757531,6.044146,0.060488
sample01-tr.png,168,422.728448,235.559483,1160.000000,109.000000,39.828967,37.331549,29063.617973,4574.787301,215161.255755,109.000000,185.483841,1973.956475,422.567312,235.007095,9.848782,9.111364,0.060352
sample01-tr.png,169,114.642534,222.135747,442.000000,69.000000,25.057235,22.544559,6668.302163,1716.621720,82167.302061,69.000000,185.898873,1190.830465,114.266371,222.055632,6.030917,5.541971,0.059166
sample01-tr.png,170,423.379978,144.523143,929.000000,102.000000,38.423757,30.948274,19269.538408,3503.836609,167410.841881,102.000000,180.205427,1641.282764,423.535228,144.127797,9.409830,7.468532,0.059099
sample01-tr.png,171,388.248313,426.182186,741.000000,90.000000,32.301925,29.379765,14599.018429,2893.231489,135701.080617,90.000000,183.132363,1507.789785,388.235690,425.505296,7.912631,7.150661,0.059620
sample01-tr.png,172,353.245726,276.525641,468.000000,73.000000,26.533586,22.562749,7072.591907,1789.958834,90068.957069,73.000000,192.455036,1233.821330,353.861042,276.449241,6.301719,5.423493,0.057089
sample01-tr.png,173,120.698947,345.107368,475.000000,73.000000,25.371502,24.023316,7666.739339,1881.276928,89356.055683,73.000000,188.118012,1224.055557,120.809663,344.835409,6.181988,5.813286,0.058962
sample01-tr.png,174,358.202247,301.898876,534.000000,80.000000,27.675432,24.960672,9028.291845,2100.696904,97854.430498,80.000000,183.247997,1223.180381,358.169201,301.718417,6.729282,5.966630,0.058123
sample01-tr.png,175,164.159780,283.407713,363.000000,66.000000,23.221589,20.030098,4878.167193,1396.263655,65680.213612,66.000000,180.937228,995.154752,164.086010,283.367371,5.617425,4.954141,0.059832
sample01-tr.png,176,139.331695,393.891892,407.000000,68.000000,24.975673,20.862911,5692.009618,1550.305416,72788.680077,68.000000,178.841966,1070.421766,139.428349,393.650853,6.100279,4.937828,0.057809
sample01-tr.png,177,472.953540,184.280973,452.000000,74.000000,25.961156,22.982378,7179.804096,1804.468367,78117.984860,74.000000,172.827400,1055.648444,473.589776,183.819522,6.170168,5.461092,0.056475
sample01-tr.png,178,495.116732,489.198444,257.000000,56.000000,20.264222,16.269125,2808.386838,970.591838,51545.791346,56.000000,200.567282,920.460560,494.785175,489.412898,4.969847,3.916635,0.059042
sample01-tr.png,179,265.160363,470.659607,661.000000,86.000000,30.860709,27.374503,12108.685528,2556.442306,120823.441421,86.000000,182.788868,1404.923737,265.360002,470.091450,7.447760,6.729055,0.059324
sample01-tr.png,180,379.224646,456.051254,917.000000,101.000000,34.917197,33.552395,20581.880378,3632.978033,170369.546103,101.000000,185.790127,1686.827189,379.409344,455.723946,8.537667,8.213580,0.059856
sample01-tr.png,181,132.914591,68.859431,562.000000,78.000000,29.717603,24.139362,9067.007490,2118.413307,105153.918928,78.000000,187.106617,1348.127166,132.503810,68.499078,7.329594,5.951115,0.060805
sample01-tr.png,182,491.870915,353.338235,612.000000,84.000000,32.699392,23.890254,9771.918048,2247.248942,105313.517290,84.000000,172.080911,1253.732349,491.679023,353.563119,8.010027,5.797239,0.059442
sample01-tr.png,183,226.171790,200.338156,553.000000,82.000000,27.739697,25.642934,9550.712166,2179.275225,101442.911903,82.000000,183.441070,1237.108682,226.578820,199.914117,6.588927,6.335662,0.058686
sample01-tr.png,184,158.224528,260.594340,530.000000,78.000000,27.005836,25.365850,9098.192106,2109.052853,95929.469225,78.000000,180.998999,1229.864990,158.363165,260.200216,6.610228,6.042089,0.058304
sample01-tr.png,185,233.678457,253.919614,622.000000,85.000000,29.639525,26.860568,11196.963249,2424.490086,115008.341211,85.000000,184.900870,1353.039308,233.915519,253.160535,7.232454,6.639226,0.060314
sample01-tr.png,186,464.967638,435.626214,618.000000,85.000000,31.742580,25.064727,10441.594092,2332.341243,112111.821204,85.000000,181.410714,1318.962602,464.453177,435.635017,7.832058,6.056034,0.059615
sample01-tr.png,187,281.419689,161.949914,579.000000,86.000000,31.173379,24.520713,9814.059729,2238.613718,102407.622945,86.000000,176.869815,1190.786313,281.373486,162.045956,7.275768,6.024336,0.057342
sample01-tr.png,188,219.038055,344.885835,473.000000,71.000000,25.333777,23.915235,7586.611634,1868.257130,85877.029887,71.000000,181.558203,1209.535632,218.987113,344.311323,6.056817,5.867285,0.058655
sample01-tr.png,189,174.434650,225.273556,329.000000,62.000000,23.217403,18.251940,4049.769955,1240.853631,55651.481489,62.000000,169.153439,897.604540,174.526650,224.920316,5.709753,4.447866,0.059930
sample01-tr.png,190,506.106061,114.565657,198.000000,50.000000,20.323284,12.983595,1793.834816,737.714575,28278.236728,50.000000,142.819377,565.564735,506.306379,114.441402,4.860819,3.085568,0.056840
sample01-tr.png,191,225.555556,28.455099,657.000000,87.000000,31.507673,26.810130,11858.036836,2526.097158,127369.979787,87.000000,193.866027,1464.022756,225.509633,28.224738,7.776322,6.568352,0.060467
sample01-tr.png,192,210.525641,257.064103,234.000000,50.000000,18.095457,16.557578,2597.537361,915.079417,47040.147071,50.000000,201.026270,940.802941,210.442256,256.940931,4.378609,4.062925,0.059376
sample01-tr.png,193,130.464286,207.875000,392.000000,68.000000,24.545905,20.496978,5399.547129,1496.766436,76356.580825,68.000000,194.787196,1122.890894,130.332225,207.765420,5.987212,5.064908,0.060274
sample01-tr.png,194,112.639594,418.154822,394.000000,68.000000,25.304942,19.989848,5294.475741,1483.024925,68690.256918,68.000000,174.340754,1010.150837,112.532418,417.943447,6.191820,4.858731,0.059474
sample01-tr.png,195,157.931592,86.563433,804.000000,97.000000,36.321719,28.298277,15229.477671,3002.902812,153106.256441,97.000000,190.430667,1578.415015,157.949306,86.127300,9.130286,6.870672,0.061032
sample01-tr.png,196,239.376214,450.308252,412.000000,70.000000,26.326652,20.125243,5583.114474,1540.667262,74717.561688,70.000000,181.353305,1067.393738,239.135098,450.194042,6.255381,5.024293,0.059319
sample01-tr.png,197,400.884058,162.840580,414.000000,75.000000,25.692631,21.581467,6265.693490,1652.245458,75694.570315,75.000000,182.837126,1009.260938,401.079750,162.848613,6.275117,5.253301,0.059452
sample01-tr.png,198,342.770186,132.686335,322.000000,63.000000,21.392459,19.310298,4176.738461,1256.525989,56865.317153,63.000000,176.600364,902.624082,342.464218,132.943933,5.104562,4.687115,0.057918
sample01-tr.png,199,190.207619,106.222857,525.000000,78.000000,29.780884,22.671723,8015.031761,1961.349649,93258.734398,78.000000,177.635685,1195.624800,190.549877,105.847175,7.287437,5.499690,0.059360
sample01-tr.png,200,282.561952,417.842303,799.000000,93.000000,35.726053,28.566430,15264.957442,3001.417993,152425.237426,93.000000,190.770009,1638.981048,282.817146,417.645552,8.870975,7.065827,0.061418
sample01-tr.png,201,120.548649,479.564865,370.000000,66.000000,23.815472,20.052478,5014.110793,1423.956818,66297.095721,66.000000,179.181340,1004.501450,120.523230,479.152989,5.660852,4.951753,0.058697
sample01-tr.png,202,506.162791,10.587209,172.000000,38.000000,16.360238,13.529698,1568.066437,656.783993,28098.017220,38.000000,163.360565,739.421506,506.550944,10.203040,4.077104,3.304903,0.060874
sample01-tr.png,203,449.960961,495.675676,333.000000,63.000000,21.150841,20.408825,4612.774986,1340.366420,67279.818821,63.000000,202.041498,1067.933632,450.154361,495.715908,5.156486,4.936564,0.058970
sample01-tr.png,204,306.419087,151.461618,964.000000,105.000000,38.871303,31.922581,20740.714589,3675.021044,179362.429894,105.000000,186.060612,1708.213618,306.584178,151.407403,9.506388,7.856723,0.060191
sample01-tr.png,205,260.220359,439.766467,835.000000,96.000000,35.197401,30.306084,16926.565656,3200.477663,146311.245250,96.000000,175.223048,1524.075471,260.043647,439.576777,8.506404,7.240251,0.057738
sample01-tr.png,206,386.162921,101.561798,356.000000,71.000000,23.307099,20.296152,5027.062196,1423.868556,71141.089535,71.000000,199.834521,1001.987177,386.640222,100.953244,5.704443,4.844632,0.058421
sample01-tr.png,207,290.558659,334.497207,895.000000,99.000000,37.443966,30.585850,18340.939710,3386.999079,169824.121506,99.000000,189.747622,1715.395167,290.261200,334.423588,9.513953,7.373058,0.061250
sample01-tr.png,208,319.584615,181.781197,585.000000,82.000000,28.495695,26.656990,10602.300506,2335.737096,105104.710115,82.000000,179.666171,1281.764758,319.694691,181.071705,6.943202,6.426779,0.058744
sample01-tr.png,209,302.152446,370.379977,879.000000,97.000000,34.120015,32.838772,19265.560621,3476.303052,158375.959439,97.000000,180.177428,1632.741850,301.894541,369.863897,8.456029,7.832738,0.059113
sample01-tr.png,210,323.292328,226.718254,756.000000,93.000000,34.317537,28.272811,14363.249554,2875.994035,139695.789046,93.000000,184.782790,1502.105259,323.874738,226.464069,8.378253,6.930351,0.059844
sample01-tr.png,211,203.031185,82.683992,481.000000,72.000000,26.649774,23.014989,7391.178604,1841.813338,93679.141657,72.000000,194.759130,1301.099190,203.068938,82.262103,6.532047,5.643791,0.060106
sample01-tr.png,212,202.330612,432.100000,490.000000,78.000000,28.698023,22.477206,7591.634037,1887.063515,89448.869481,78.000000,182.548713,1146.780378,202.508155,431.675646,6.876138,5.509416,0.058729
sample01-tr.png,213,450.092262,239.994048,336.000000,68.000000,23.413030,19.206346,4522.158188,1331.393977,61679.936281,68.000000,183.571239,907.057886,449.986441,240.024127,5.332684,4.493947,0.053293
sample01-tr.png,214,241.385463,364.885463,908.000000,100.000000,37.832868,30.592802,18539.857219,3413.847108,165783.621771,100.000000,182.581081,1657.836218,241.472897,364.188234,9.367906,7.438910,0.060209
sample01-tr.png,215,105.294385,197.605463,659.000000,86.000000,32.150039,26.200525,11555.802194,2489.640119,125061.208287,86.000000,189.774216,1454.200096,105.116125,197.408652,7.959341,6.463809,0.061077
sample01-tr.png,216,200.213983,148.938559,472.000000,77.000000,27.657028,23.566513,8042.568754,1949.866075,77701.729513,77.000000,164.622308,1009.113370,200.175189,148.740166,6.801462,5.634962,0.058802
sample01-tr.png,217,447.571429,324.617647,238.000000,55.000000,18.631673,16.672416,2711.736789,942.434779,50506.457304,55.000000,212.212005,918.299224,447.775876,324.808524,4.478516,4.006803,0.057767
sample01-tr.png,218,338.711039,48.254870,616.000000,83.000000,31.096706,25.421054,10522.043706,2338.357743,115843.676485,83.000000,188.057916,1395.706946,339.051304,47.729721,7.659933,6.230361,0.060371
sample01-tr.png,219,230.072727,393.245455,770.000000,94.000000,37.004642,26.662247,13773.627317,2829.163609,148167.427616,94.000000,192.425231,1576.249230,229.860758,393.079721,9.292378,6.569223,0.061871
sample01-tr.png,220,240.346939,331.564626,588.000000,80.000000,30.468836,24.672498,9711.375327,2218.113812,113430.685361,80.000000,192.909329,1417.883567,240.445374,331.595838,7.536026,6.094149,0.061092
sample01-tr.png,221,181.888158,398.517544,456.000000,74.000000,28.188612,20.864741,6425.372785,1697.061307,79645.040979,74.000000,174.660178,1076.284338,181.666045,398.471090,6.906596,5.029786,0.059065
sample01-tr.png,222,80.279904,441.466507,418.000000,69.000000,23.658327,22.613618,6334.651724,1656.236231,73924.179944,69.000000,176.852105,1071.364927,80.174603,440.821655,5.735750,5.483300,0.058787
sample01-tr.png,223,236.759585,141.844560,965.000000,112.000000,40.907116,30.604398,20061.580949,3621.542151,179568.536429,112.000000,186.081385,1603.290504,236.862876,141.539956,10.162952,7.437578,0.060377
sample01-tr.png,224,132.031250,140.977679,448.000000,72.000000,25.418977,22.586228,6789.598959,1738.215004,78509.259996,72.000000,175.243884,1090.406389,131.996079,140.809475,6.070715,5.538333,0.058562
sample01-tr.png,225,484.405184,241.091405,733.000000,91.000000,33.150201,28.407688,14007.369264,2821.721013,128470.977769,91.000000,175.267364,1411.768986,484.581460,240.574205,8.203733,6.743968,0.058750
sample01-tr.png,226,105.167161,143.409496,1011.000000,107.000000,39.815151,32.583083,22132.544627,3838.548312,186237.481364,107.000000,184.211159,1740.537209,105.255274,142.624176,9.858551,7.850676,0.059659
sample01-tr.png,227,105.706044,69.247253,728.000000,88.000000,32.997787,28.218821,13758.185305,2788.461340,135415.577851,88.000000,186.010409,1538.813385,105.456308,68.869418,8.079432,6.932611,0.060153
sample01-tr.png,228,245.902715,178.768100,884.000000,98.000000,35.150616,32.142805,19015.121189,3450.051268,160921.771711,98.000000,182.038203,1642.058895,245.936333,178.078727,8.802978,7.732093,0.060243
sample01-tr.png,229,301.758112,470.351032,339.000000,62.000000,23.298666,18.587562,4214.776384,1272.875804,71344.449608,62.000000,210.455604,1150.716929,301.719217,470.171780,5.762774,4.429928,0.058949
sample01-tr.png,230,189.298876,130.701124,445.000000,77.000000,28.023567,21.600481,6846.188721,1763.775573,79387.774669,77.000000,178.399494,1031.010061,188.965484,130.335987,6.801208,5.252364,0.059014
sample01-tr.png,231,32.426016,458.430894,615.000000,83.000000,29.184782,26.911719,11067.204849,2404.419749,109819.564465,83.000000,178.568398,1323.127283,32.344182,457.955055,7.084433,6.581555,0.059366
sample01-tr.png,232,229.299883,423.431739,857.000000,101.000000,37.117879,29.585437,17011.309109,3226.944393,162322.834691,101.000000,189.408209,1607.156779,229.425261,423.225214,9.313028,7.211542,0.061159
sample01-tr.png,233,477.312977,289.063613,393.000000,65.000000,23.737527,21.136827,5552.821269,1520.008786,76435.436622,65.000000,194.492205,1175.929794,477.668524,289.601351,5.713961,4.996659,0.056904
sample01-tr.png,234,152.645542,22.477981,931.000000,104.000000,40.209929,29.807703,18706.345553,3459.609382,175631.643008,104.000000,188.648381,1688.765798,152.597072,21.817851,9.938802,7.278290,0.060353
sample01-tr.png,235,137.156550,254.942492,313.000000,64.000000,21.793242,18.681353,3982.328899,1220.002078,54423.436202,64.000000,173.876793,850.366191,137.287016,254.494858,5.275036,4.539384,0.058816
sample01-tr.png,236,115.513089,270.124607,955.000000,102.000000,36.867924,33.176007,21246.897667,3716.998032,178536.773483,102.000000,186.949501,1750.360524,115.549053,270.092990,9.175172,8.074208,0.060568
sample01-tr.png,237,66.074818,345.397810,548.000000,77.000000,28.191466,24.885561,9141.367285,2119.992637,100250.726936,77.000000,182.939283,1301.957493,66.363766,344.881536,6.935494,6.065976,0.059967
sample01-tr.png,238,146.569820,465.524775,444.000000,70.000000,24.339016,23.400011,6978.044975,1766.412202,82026.478778,70.000000,184.744322,1171.806840,146.604945,464.934437,5.905413,5.783230,0.059966
sample01-tr.png,239,126.944083,373.135241,769.000000,96.000000,34.223309,29.077916,15151.205041,2974.690103,142902.723969,96.000000,185.829290,1488.570041,126.931682,372.683127,8.547070,7.014222,0.060244
sample01-tr.png,240,154.899248,200.628571,665.000000,87.000000,31.533015,26.914120,11959.815809,2540.106439,127610.682827,87.000000,191.895764,1466.789458,154.840210,200.497209,7.843859,6.594264,0.060947
sample01-tr.png,241,57.095541,366.371550,471.000000,72.000000,25.491100,23.775528,7544.796755,1861.885636,84369.568407,72.000000,179.128595,1171.799561,56.807914,365.992663,6.190621,5.826288,0.059512
sample01-tr.png,242,348.841102,363.862288,944.000000,105.000000,38.436861,31.522421,19997.958777,3587.078750,169947.180317,105.000000,180.028793,1618.544574,348.987434,363.149628,9.345500,7.635368,0.058893
sample01-tr.png,243,306.588745,206.664502,462.000000,79.000000,27.210645,22.272033,7067.359498,1793.270035,83060.243934,79.000000,179.784078,1051.395493,307.245476,206.132208,6.531150,5.367559,0.057845
sample01-tr.png,244,159.862912,377.926674,941.000000,101.000000,38.125323,31.547524,19867.476315,3569.372144,170028.449831,101.000000,180.689107,1683.449998,159.652994,377.514640,9.503235,7.556666,0.059707
sample01-tr.png,245,204.683310,302.691869,701.000000,89.000000,33.083929,27.097468,12719.590208,2653.200570,132455.870487,89.000000,188.952740,1488.268208,204.451438,302.468486,8.162684,6.679562,0.060818
sample01-tr.png,246,288.913580,447.820426,891.000000,100.000000,38.616477,29.568878,17678.318991,3321.660202,167265.635659,100.000000,187.727986,1672.656357,289.147289,447.630784,9.608381,7.287138,0.061320
sample01-tr.png,247,314.868756,120.206660,1021.000000,108.000000,40.313555,32.707851,22581.549350,3892.598967,192519.539964,108.000000,188.559784,1782.588333,315.071210,120.063050,9.985101,8.006222,0.060629
sample01-tr.png,248,325.291391,404.321192,604.000000,86.000000,29.605427,26.920159,11233.761321,2429.524508,113911.614199,86.000000,188.595388,1324.553653,325.299414,404.173534,7.120484,6.695315,0.059818
sample01-tr.png,249,285.434146,139.717073,205.000000,51.000000,17.561928,15.086878,2093.001770,794.449698,42801.460219,51.000000,208.787611,839.244318,285.474473,140.076463,4.234303,3.690334,0.058976
sample01-tr.png,250,80.639594,54.291878,788.000000,94.000000,34.740838,29.117447,15422.170132,3012.422674,147010.649301,94.000000,186.561738,1563.943078,80.450958,53.602913,8.613102,7.097613,0.060434
sample01-tr.png,251,354.643038,244.849789,1185.000000,113.000000,41.683797,36.246281,28674.299261,4545.890158,222120.618689,113.000000,187.443560,1965.669192,354.896482,244.614916,10.382694,8.842001,0.060762
sample01-tr.png,252,506.278947,238.357895,190.000000,41.000000,18.056487,13.704222,1775.581755,718.287450,41729.592034,41.000000,219.629432,1017.794928,506.443461,238.388185,4.360042,3.399261,0.059895
sample01-tr.png,253,141.312102,488.305732,471.000000,72.000000,25.063719,24.148692,7652.993644,1878.499905,84231.239156,72.000000,178.834903,1169.878322,141.215454,488.252323,6.084130,5.852257,0.058828
sample01-tr.png,254,69.179177,115.081114,826.000000,96.000000,35.976718,29.311241,16184.100936,3116.522030,152746.267675,96.000000,184.922842,1591.106955,69.138222,114.764633,8.891882,7.136278,0.060174
sample01-tr.png,255,458.584507,304.681338,568.000000,81.000000,30.349049,24.094571,9225.334165,2146.606685,98911.314882,81.000000,174.139639,1221.127344,458.339164,304.342668,7.180787,6.010895,0.059026
sample01-tr.png,256,199.804878,386.888502,287.000000,62.000000,21.282900,17.530465,3424.650921,1105.867137,48262.480143,62.000000,168.161952,778.427099,199.855180,386.886834,5.067222,4.286056,0.058211
sample01-tr.png,257,183.129969,360.000000,654.000000,85.000000,30.621005,27.418905,12053.641336,2547.735002,119933.850362,85.000000,183.385092,1410.986475,182.836393,359.513872,7.587299,6.562614,0.059305
sample01-tr.png,258,239.661836,476.375201,621.000000,84.000000,30.349672,26.267677,10964.679724,2395.446332,116427.236387,84.000000,187.483472,1386.038528,239.678125,476.039567,7.702521,6.315490,0.061019
sample01-tr.png,259,309.249208,309.625132,947.000000,108.000000,38.383777,32.416851,21119.711593,3713.214795,176453.732638,108.000000,186.329179,1633.830858,309.162893,309.131536,9.569370,7.864412,0.060483
sample01-tr.png,260,402.133705,477.797586,1077.000000,113.000000,40.498738,34.580317,25357.009978,4192.035602,200468.384713,113.000000,186.135919,1774.056502,402.467035,477.776812,9.948156,8.478185,0.060225
sample01-tr.png,261,103.067723,324.523055,694.000000,89.000000,32.877140,27.012916,12561.329278,2630.594609,131459.357545,89.000000,189.422705,1477.071433,103.042531,324.235317,8.159432,6.645024,0.061051
sample01-tr.png,262,142.826347,159.491018,501.000000,77.000000,27.670936,23.419272,7946.378369,1935.016591,95150.641699,77.000000,189.921441,1235.722619,142.988322,159.326969,6.749402,5.778349,0.060183
sample01-tr.png,263,294.969125,184.584906,583.000000,83.000000,29.618425,25.364394,9977.219918,2250.597768,108574.633775,83.000000,186.234363,1308.128118,295.251057,184.406525,7.307175,6.209356,0.060396
sample01-tr.png,264,46.827440,411.309760,707.000000,88.000000,32.261877,27.990902,13234.942343,2715.304525,129025.563278,88.000000,182.497261,1466.199583,46.961221,410.887015,7.966536,6.806507,0.060046
sample01-tr.png,265,342.263941,117.092937,269.000000,67.000000,24.407383,15.338343,3006.607330,1043.336730,53088.913201,67.000000,197.356555,792.371839,342.246130,116.957469,5.716904,3.634840,0.055507
sample01-tr.png,266,149.775938,230.969095,906.000000,106.000000,37.173438,31.552212,19377.198557,3505.061597,170664.123695,106.000000,188.370997,1610.038903,149.908616,230.739104,9.328218,7.637269,0.060740
sample01-tr.png,267,175.663907,436.703642,604.000000,81.000000,28.903118,26.750128,10829.167112,2369.577608,106186.031887,81.000000,175.804689,1310.938665,175.358221,436.676621,7.234132,6.343314,0.059352
sample01-tr.png,268,180.353011,67.168831,847.000000,99.000000,35.563791,30.668227,17513.945970,3273.843458,154882.634751,99.000000,182.860254,1564.471058,180.370380,66.676932,8.822841,7.340595,0.059380
sample01-tr.png,269,368.553757,121.279769,865.000000,103.000000,35.887380,31.221968,18317.277390,3371.737134,166857.549036,103.000000,192.898901,1619.976204,368.498194,121.268837,8.958088,7.717061,0.061697
sample01-tr.png,270,272.072664,356.034602,578.000000,79.000000,28.436036,25.931124,10011.758276,2249.767027,110939.862834,79.000000,191.937479,1404.302061,272.125268,355.999609,7.153490,6.301608,0.061133
sample01-tr.png,271,271.526468,386.820982,1039.000000,108.000000,41.072734,32.324663,22470.888387,3888.735631,194281.090688,108.000000,186.988538,1798.898988,271.800972,386.468152,10.283228,7.872928,0.060979
sample01-tr.png,272,504.317073,386.731707,287.000000,57.000000,22.433006,16.631483,3248.987665,1076.948884,45259.247504,57.000000,157.697726,794.021886,504.115489,386.761077,5.454498,4.048302,0.059185
sample01-tr.png,273,264.174194,336.241935,310.000000,65.000000,21.527636,18.961851,4052.811506,1232.741788,53064.797715,65.000000,171.176767,816.381503,263.997908,336.065940,5.262157,4.649046,0.059931
sample01-tr.png,274,102.100159,110.125596,629.000000,86.000000,30.046635,26.886528,11372.708504,2450.920292,116676.828780,86.000000,185.495753,1356.707311,101.667136,109.960197,7.327963,6.664281,0.060451
sample01-tr.png,275,117.111111,397.960000,450.000000,76.000000,24.691823,23.500205,7139.948638,1793.913766,82154.564547,76.000000,182.565699,1080.981112,117.043691,397.666817,5.952337,5.837576,0.059882
sample01-tr.png,276,185.477597,202.177189,982.000000,104.000000,37.672887,33.341515,21927.958112,3798.491438,176954.388981,104.000000,180.197952,1701.484509,185.261516,201.784191,9.246743,8.025034,0.059077
sample01-tr.png,277,159.002384,414.804529,839.000000,101.000000,34.679324,31.568512,18095.786564,3338.416166,153109.741053,101.000000,182.490752,1515.938030,159.108530,414.453938,8.477414,7.656595,0.059289
sample01-tr.png,278,176.521186,242.923729,236.000000,54.000000,18.983520,16.118217,2582.315705,914.463910,48309.990330,54.000000,204.703349,894.629451,176.412126,242.784986,4.652005,3.932403,0.059787
sample01-tr.png,279,80.574661,364.022624,442.000000,73.000000,25.305899,22.416120,6657.961300,1715.894204,80401.001378,73.000000,181.902718,1101.383581,80.334831,363.626423,6.035767,5.637518,0.059984
sample01-tr.png,280,222.984993,227.718963,733.000000,93.000000,32.356278,29.139742,14385.619857,2865.947552,131323.664509,93.000000,179.159160,1412.082414,222.952772,227.596084,7.987311,6.960119,0.058962
sample01-tr.png,281,489.741026,9.692308,390.000000,60.000000,24.854531,20.938318,5705.421759,1551.956146,69099.856320,60.000000,177.179119,1151.664272,490.201630,8.657422,6.049116,4.906064,0.057027
sample01-tr.png,282,125.718266,300.583591,646.000000,87.000000,33.148792,24.922393,10780.671385,2392.650403,121517.082411,87.000000,188.106939,1396.748074,125.431731,300.529656,8.142071,6.122906,0.060344
sample01-tr.png,283,23.046422,281.334623,517.000000,75.000000,26.922153,24.516569,8472.816328,2012.960596,94214.681104,75.000000,182.233426,1256.195748,22.984644,280.981343,6.615489,5.869993,0.058834
sample01-tr.png,284,374.787625,491.341137,598.000000,83.000000,30.346903,25.699321,10494.367902,2329.135696,111551.601839,83.000000,186.541140,1343.995203,374.775038,490.902541,7.405069,6.364378,0.060430
sample01-tr.png,285,250.867099,78.186386,617.000000,86.000000,28.575382,27.732627,11507.279782,2465.290472,108251.358033,86.000000,175.447906,1258.736721,250.867919,78.202893,6.913529,6.702474,0.058473
sample01-tr.png,286,498.726027,281.389432,511.000000,79.000000,28.452297,23.463461,8201.628706,1979.362783,86487.162997,79.000000,169.250808,1094.774215,499.911362,281.634516,7.164227,5.453807,0.058527
sample01-tr.png,287,195.717162,461.924257,1043.000000,109.000000,39.272531,34.095311,23904.343430,4026.937314,190704.415475,109.000000,182.842201,1749.581793,195.572609,461.390535,9.739235,8.267726,0.060135
sample01-tr.png,288,308.379310,418.098522,203.000000,52.000000,18.800890,14.477100,2063.194659,792.881953,34864.270313,52.000000,171.745174,670.466737,308.532940,418.026233,4.603992,3.612660,0.061109
sample01-tr.png,289,127.837070,180.500747,669.000000,84.000000,32.927330,25.900350,11565.552481,2497.608099,129276.219777,84.000000,193.237997,1539.002616,127.793218,180.353327,8.293067,6.333048,0.061584
sample01-tr.png,290,341.674074,390.333333,270.000000,60.000000,20.315463,17.773391,3360.206261,1088.287153,41699.796061,60.000000,154.443689,694.996601,341.684225,390.147259,5.010718,4.148893,0.057575
sample01-tr.png,291,496.322078,426.825974,770.000000,94.000000,32.915180,30.219197,15738.404244,3040.981790,129089.520081,94.000000,167.648727,1373.292767,496.399327,426.712007,8.084480,7.203317,0.058547
sample01-tr.png,292,357.839172,23.073248,628.000000,108.000000,35.650066,25.671861,12301.941781,2624.021831,107126.832732,108.000000,170.584129,991.915118,357.699918,22.275233,8.490912,6.245681,0.057945
sample01-tr.png,293,255.444664,409.754941,506.000000,76.000000,28.051956,23.357990,8013.693121,1947.812496,96424.302278,76.000000,190.561862,1268.740819,255.586645,409.610261,6.822833,5.817962,0.060581
sample01-tr.png,294,307.912903,246.774194,310.000000,64.000000,22.601026,18.245591,3939.513968,1215.774656,57859.915292,64.000000,186.644888,904.061176,308.531301,246.548344,5.498679,4.260929,0.056817
sample01-tr.png,295,324.847273,437.288182,1100.000000,110.000000,39.333943,35.638345,26157.797131,4268.653452,202735.372817,110.000000,184.304884,1843.048844,324.410238,437.033482,9.677267,8.790410,0.060684
sample01-tr.png,296,282.146163,118.300853,821.000000,99.000000,35.896766,29.671363,16547.368799,3159.944464,154512.014211,99.000000,188.199774,1560.727416,281.986700,118.089425,8.896054,7.223075,0.060329
sample01-tr.png,297,212.737120,369.885073,757.000000,98.000000,34.377083,28.484779,14604.723778,2907.063407,139218.712868,98.000000,183.908471,1420.599111,212.714126,369.472567,8.481250,6.971725,0.060383
sample01-tr.png,298,347.503093,494.859794,485.000000,72.000000,25.708185,24.052077,7787.090088,1901.397281,91957.350018,72.000000,189.602784,1277.185417,347.404538,494.651535,6.267374,5.937178,0.060179
sample01-tr.png,299,146.751244,124.751244,402.000000,75.000000,27.248450,19.581175,5470.385341,1529.065374,72967.010622,75.000000,181.509977,972.893475,146.716200,124.851100,6.439209,4.827347,0.058259
sample01-tr.png,300,387.988270,13.822581,682.000000,93.000000,33.251722,26.486075,12213.720423,2587.540029,131539.991917,93.000000,192.873888,1414.408515,387.729269,13.576845,8.303264,6.461807,0.060922
sample01-tr.png,301,75.364486,315.854473,749.000000,90.000000,33.353188,28.699171,14383.834991,2871.442225,138927.969024,90.000000,185.484605,1543.644100,74.979135,316.042282,8.251642,6.989118,0.060250
sample01-tr.png,302,86.177866,470.550725,759.000000,91.000000,32.189575,30.206503,15378.527630,2992.743861,136374.519192,91.000000,179.676573,1498.621090,86.243903,470.084907,7.858687,7.456446,0.060265
sample01-tr.png,303,357.431860,423.695212,1086.000000,111.000000,42.979883,32.414238,23644.791201,4037.819338,207705.413860,111.000000,191.257287,1871.219945,357.446363,423.768173,10.726579,8.044237,0.061936
sample01-tr.png,304,341.759690,189.337209,258.000000,64.000000,22.713431,15.419463,2827.612094,991.278676,42037.289267,64.000000,162.935230,656.832645,342.005190,189.170194,5.659573,3.683228,0.059520
sample01-tr.png,305,490.633588,195.965649,262.000000,60.000000,23.895673,14.605945,2669.175937,967.660927,41867.012261,60.000000,159.797757,697.783538,490.732248,195.632877,5.988446,3.557391,0.061038
sample01-tr.png,306,192.201107,502.214022,542.000000,67.000000,31.128775,22.419915,8192.728628,2001.072233,99301.277011,67.000000,183.212688,1482.108612,192.539761,502.627641,7.651610,5.405324,0.059262
sample01-tr.png,307,70.208743,269.182514,915.000000,101.000000,35.684453,32.949896,20285.502424,3601.020855,170869.187379,101.000000,186.742281,1691.774132,70.235408,269.019054,8.996930,8.007752,0.061273
sample01-tr.png,308,251.250000,12.950565,708.000000,77.000000,33.820127,27.015303,12923.898566,2686.320362,130190.099937,77.000000,183.884322,1690.780519,251.314220,12.237370,8.484369,6.437600,0.059780
sample01-tr.png,309,197.387887,235.873711,776.000000,99.000000,35.939883,28.163595,14926.275791,2961.506734,142708.332018,99.000000,183.902490,1441.498303,197.202368,235.585484,8.798779,6.847643,0.059525
sample01-tr.png,310,436.020979,7.013986,286.000000,45.000000,24.674227,15.363576,3049.487240,1054.635857,57563.332310,45.000000,201.270393,1279.185162,436.381526,7.085017,6.092000,3.873003,0.062240
sample01-tr.png,311,192.428727,331.744287,919.000000,102.000000,34.558913,33.996818,20913.910122,3671.089651,170119.051099,102.000000,185.113222,1667.833834,192.623610,331.389620,8.583415,8.281671,0.060503
sample01-tr.png,312,507.189349,80.100592,169.000000,42.000000,19.748370,11.271268,1313.637187,609.772410,29493.419902,42.000000,174.517278,702.224283,507.351729,79.845973,4.841220,2.778046,0.060421
sample01-tr.png,313,94.151163,295.045058,688.000000,86.000000,31.790916,27.658803,12734.104596,2646.009944,132054.276339,86.000000,191.939355,1535.514841,94.112974,294.969760,7.911508,6.853045,0.061660
sample01-tr.png,314,506.204420,159.342541,181.000000,46.000000,18.082715,13.273780,1668.212854,691.233449,30608.810694,46.000000,169.109451,665.408928,506.398397,159.363871,4.414948,3.172177,0.058348
sample01-tr.png,315,150.515406,306.351541,714.000000,94.000000,34.676854,26.758484,13000.538351,2704.437382,131817.180831,94.000000,184.617900,1402.310434,150.595833,305.839238,8.560185,6.560027,0.060518
sample01-tr.png,316,53.324022,93.875698,716.000000,93.000000,34.982476,26.782340,13138.512312,2725.404758,135694.951419,93.000000,189.518089,1459.085499,53.323868,93.389545,8.556572,6.610677,0.060374
sample01-tr.png,317,74.127889,142.881356,649.000000,86.000000,29.772374,27.890113,12125.862710,2554.377133,125773.138706,86.000000,193.795283,1462.478357,74.027511,142.732450,7.407069,6.871269,0.061294
sample01-tr.png,318,198.528281,37.056561,884.000000,99.000000,36.597959,30.814297,18195.333589,3362.598402,165865.552467,99.000000,187.630715,1675.409621,198.455655,37.179132,9.111199,7.466596,0.060324
sample01-tr.png,319,230.043554,502.832753,574.000000,74.000000,35.795476,20.565280,7926.765687,2018.863165,110315.001762,74.000000,192.186414,1490.743267,229.309453,502.921745,8.817898,5.061016,0.060623
sample01-tr.png,320,328.714004,469.384615,1014.000000,109.000000,39.792581,33.124700,22861.495185,3918.044467,189820.674141,109.000000,187.199876,1741.474075,328.748411,469.422148,9.825939,8.192214,0.061069
sample01-tr.png,321,38.047059,379.082353,595.000000,84.000000,31.403950,24.363099,9759.958321,2232.906455,106578.499206,84.000000,179.123528,1268.791657,38.140437,378.856021,7.573155,5.927149,0.058669
sample01-tr.png,322,317.080214,69.067736,561.000000,93.000000,32.777051,24.120874,9985.149465,2278.159141,104334.716744,93.000000,185.979887,1121.878675,317.353573,68.221432,7.980865,5.793507,0.058483
sample01-tr.png,323,169.803063,482.986871,914.000000,103.000000,37.564745,31.214296,19163.999542,3483.684462,167887.558534,103.000000,183.684419,1629.976296,169.735891,482.674113,9.402559,7.581187,0.060792
sample01-tr.png,324,140.575141,438.988701,885.000000,100.000000,37.665681,30.046623,17804.746422,3326.314702,160276.592231,100.000000,181.103494,1602.765922,140.538900,438.441891,9.357456,7.324275,0.060559
sample01-tr.png,325,501.509259,370.086420,324.000000,76.000000,28.226840,16.900982,4221.674432,1317.735745,59665.917347,76.000000,184.154066,785.077860,502.088147,369.872702,6.299374,4.157422,0.054897
sample01-tr.png,326,297.282958,64.575563,311.000000,70.000000,22.484685,19.403624,4432.524392,1309.845453,53986.487576,70.000000,173.589992,771.235537,297.423957,64.277699,5.482176,4.722070,0.059336
sample01-tr.png,327,275.125261,499.206681,479.000000,74.000000,28.043275,21.900833,7042.852866,1795.414711,85309.747101,74.000000,178.099681,1152.834420,275.012535,499.421492,6.762949,5.360563,0.059028
sample01-tr.png,328,103.383292,495.885749,814.000000,99.000000,35.064695,29.984534,16506.816065,3148.479212,152264.756317,99.000000,187.057440,1538.027842,103.443126,495.639677,8.782367,7.344322,0.061347
sample01-tr.png,329,500.032670,33.497159,704.000000,84.000000,33.698442,26.957248,12822.112048,2671.906418,137432.866879,84.000000,195.217140,1636.105558,500.374171,33.028665,8.482365,6.533316,0.061005
sample01-tr.png,330,46.733254,327.314593,836.000000,95.000000,34.993774,30.518422,17065.285609,3215.922878,154148.443129,95.000000,184.388090,1622.615191,46.529453,326.833816,8.662793,7.447498,0.060411
sample01-tr.png,331,168.026627,174.479290,676.000000,84.000000,31.699686,27.284375,12356.105529,2594.765857,125973.611350,84.000000,186.351496,1499.685849,167.743329,174.218150,7.789001,6.717729,0.060497
sample01-tr.png,332,435.197452,314.171975,314.000000,73.000000,24.167435,18.791783,4468.534750,1326.169881,48674.480739,73.000000,155.014270,666.773709,435.227633,313.949946,6.099528,4.351236,0.058440
sample01-tr.png,333,188.104167,269.425725,1104.000000,113.000000,40.653524,34.664439,25577.916824,4216.663270,202708.836861,113.000000,183.613077,1793.883512,188.126858,269.304624,10.087337,8.461816,0.060570
sample01-tr.png,334,87.981607,226.283640,1033.000000,106.000000,39.573791,33.447000,23180.383809,3950.812871,194813.290994,106.000000,188.589827,1837.861236,87.876252,226.097739,9.906227,8.161734,0.061084
sample01-tr.png,335,398.665644,504.975460,326.000000,55.000000,26.448928,15.884728,3494.348945,1161.122886,63035.108568,55.000000,193.359229,1146.092883,398.721121,505.110927,6.646825,3.912247,0.061895
sample01-tr.png,336,189.882682,173.159218,358.000000,77.000000,24.144815,20.440946,5282.317127,1473.830755,61200.907540,77.000000,170.952256,794.816981,189.918572,173.140358,5.773371,4.910293,0.057440
sample01-tr.png,337,65.897668,388.531088,772.000000,96.000000,36.156319,27.498445,14315.255985,2887.502107,140209.530097,96.000000,181.618562,1460.515939,65.855751,388.114984,8.869823,6.744047,0.060165
sample01-tr.png,338,21.195893,256.355450,633.000000,87.000000,31.425368,25.985601,11110.779824,2422.956263,112456.383010,87.000000,177.656213,1292.602104,20.906658,256.352295,7.687236,6.313690,0.059435
sample01-tr.png,339,502.681934,185.620865,393.000000,67.000000,26.124128,19.502807,5202.770434,1473.087244,74779.942123,67.000000,190.279751,1116.118539,502.414201,186.263645,6.314864,4.766346,0.059076
sample01-tr.png,340,34.551471,353.442647,680.000000,90.000000,33.312700,26.318494,12081.768758,2570.493202,126274.294255,90.000000,185.697492,1403.047714,34.538472,353.279461,8.200560,6.485996,0.060667
sample01-tr.png,341,166.846561,455.849206,378.000000,74.000000,26.336117,19.063155,5011.178924,1441.147014,69019.513071,74.000000,182.591304,932.696123,166.939898,455.721363,6.586163,4.746978,0.062273
sample01-tr.png,342,323.218360,343.879679,1122.000000,119.000000,43.043125,34.087217,26186.985077,4304.329041,210985.057741,119.000000,188.043723,1772.983678,323.324272,343.758152,10.749876,8.347929,0.061163
sample01-tr.png,343,422.544061,457.731801,261.000000,64.000000,22.509924,16.573033,3237.253087,1075.090480,38507.211805,64.000000,147.537210,601.675184,422.621518,457.988957,5.505851,3.926814,0.057955
sample01-tr.png,344,106.168067,442.804622,952.000000,107.000000,35.329642,34.904876,22537.723634,3858.650391,176049.503511,107.000000,184.925949,1645.322463,106.023509,442.935478,8.732874,8.625500,0.061082
sample01-tr.png,345,59.114679,453.003440,872.000000,104.000000,37.877920,29.766173,17572.386557,3301.162064,164151.340954,104.000000,188.246951,1578.378278,59.078703,452.789362,9.421085,7.321175,0.061175
sample01-tr.png,346,19.885748,307.206125,849.000000,98.000000,35.936550,30.354650,17337.460114,3255.451979,153367.584760,98.000000,180.644976,1564.975355,19.815448,306.942975,8.917292,7.313490,0.059786
sample01-tr.png,347,31.937931,223.486207,580.000000,79.000000,29.240519,25.310550,9808.144322,2223.879729,105115.484670,79.000000,181.233594,1330.575755,31.927781,223.018161,7.087712,6.207034,0.059443
sample01-tr.png,348,20.477564,479.908654,624.000000,86.000000,31.336382,25.933196,11034.675164,2411.753122,112965.192047,86.000000,181.033962,1313.548745,20.163880,479.550290,7.818181,6.278290,0.060401
sample01-tr.png,349,267.936343,192.421296,864.000000,112.000000,40.897482,29.247199,18317.397024,3424.126576,160733.467841,112.000000,186.034106,1435.120249,267.953242,192.061473,10.243277,7.176602,0.061458
sample01-tr.png,350,470.062157,499.764168,547.000000,75.000000,29.223921,24.270900,9013.819685,2107.017349,94338.574356,75.000000,172.465401,1257.847658,470.019581,500.041502,7.206023,5.970722,0.060659
sample01-tr.png,351,123.695067,460.430493,446.000000,82.000000,30.073439,21.034584,6967.060098,1801.962332,79148.857904,82.000000,177.463807,965.229974,123.798895,460.049013,7.387538,5.035569,0.058807
sample01-tr.png,352,85.241158,412.683816,933.000000,104.000000,37.704118,32.004122,20220.842332,3606.063515,172615.493557,104.000000,185.011247,1659.764361,85.206949,412.732944,9.495929,7.753497,0.061016
sample01-tr.png,353,501.830409,212.805068,513.000000,71.000000,30.072596,22.315601,7841.275364,1937.532882,94873.458614,71.000000,184.938516,1336.245896,502.204986,212.783755,7.265495,5.523092,0.059795
sample01-tr.png,354,208.809055,10.344488,508.000000,65.000000,30.223069,21.826565,7538.899924,1892.597305,89682.820300,65.000000,176.540985,1379.735697,208.995807,9.727906,7.365484,5.280282,0.058957
sample01-tr.png,355,13.098086,236.574163,418.000000,68.000000,26.895479,20.724875,6048.695817,1624.038074,77236.049388,68.000000,184.775238,1135.824256,13.164026,236.477863,6.589374,5.087225,0.060139
sample01-tr.png,356,163.182659,336.382659,865.000000,106.000000,37.143006,30.383049,17953.056133,3338.754670,162278.362100,106.000000,187.605043,1530.927944,163.154475,336.062950,9.190559,7.499501,0.061075
sample01-tr.png,357,504.167224,449.130435,299.000000,53.000000,21.491158,19.569082,4309.226673,1282.579364,52468.982693,53.000000,175.481547,989.980806,505.441749,448.645272,5.020410,4.866509,0.058093
sample01-tr.png,358,4.758170,470.032680,153.000000,33.000000,20.823217,9.584999,1001.683703,530.118269,25973.079182,33.000000,169.758687,787.063006,4.590599,469.986503,5.059070,2.378487,0.060288
sample01-tr.png,359,54.148961,484.710162,866.000000,98.000000,35.645860,31.042050,17984.919826,3330.672884,156349.387387,98.000000,180.542018,1595.401912,54.105439,484.763249,8.759638,7.586192,0.060055
sample01-tr.png,360,210.047059,59.043697,595.000000,105.000000,34.558309,26.845030,13040.039028,2708.386120,101529.552030,105.000000,170.637903,966.948115,210.284031,58.933017,8.277038,6.481922,0.057831
sample01-tr.png,361,244.646040,210.042079,404.000000,76.000000,25.855752,21.360221,6176.852959,1638.274643,69391.428816,76.000000,171.760962,913.045116,244.813893,209.728712,6.270262,5.207335,0.059121
sample01-tr.png,362,18.002920,390.829197,685.000000,90.000000,34.136152,25.897989,11987.959619,2565.961132,130480.021441,90.000000,190.481783,1449.778016,17.883768,390.669776,8.470599,6.380125,0.061131
sample01-tr.png,363,181.400000,14.604878,615.000000,87.000000,31.024408,25.832460,10840.109018,2382.402116,119438.682143,87.000000,194.209239,1372.858415,181.459866,14.335148,7.669448,6.435606,0.061586
sample01-tr.png,364,56.311905,196.426190,420.000000,70.000000,25.109671,21.496704,6075.519532,1616.915940,75335.147885,70.000000,179.369400,1076.216398,55.827619,196.616615,6.180259,5.240574,0.060003
sample01-tr.png,365,499.895141,405.744246,391.000000,83.000000,29.884638,19.718946,6084.347569,1658.138355,71637.452843,83.000000,183.215992,863.101841,500.472089,406.058844,7.237792,4.765814,0.058534
sample01-tr.png,366,156.259259,503.606838,351.000000,65.000000,26.105106,17.573950,4221.461705,1296.209837,64359.490825,65.000000,183.360373,990.146013,156.239955,503.339414,6.434825,4.319139,0.060581
sample01-tr.png,367,6.955556,412.740741,270.000000,43.000000,23.311388,15.513134,2937.418657,1019.321715,49054.999041,43.000000,181.685182,1140.813931,6.821746,412.452685,5.682357,3.855338,0.060579
sample01-tr.png,368,50.872195,292.943415,1025.000000,111.000000,38.972343,34.633594,24476.553686,4086.692887,190348.852709,111.000000,185.706198,1714.854529,50.582403,292.883206,9.651126,8.567772,0.061262
sample01-tr.png,369,5.852273,270.909091,176.000000,41.000000,20.241368,11.653566,1439.316087,647.137774,32511.702368,41.000000,184.725582,792.968350,5.751949,270.603533,4.785101,2.873141,0.058284
sample01-tr.png,370,494.937500,500.857143,448.000000,114.000000,32.918831,26.242634,11870.195388,2538.631931,73502.771055,114.000000,164.068685,644.761150,494.605647,501.448982,8.168867,6.409871,0.060612
sample01-tr.png,371,97.268793,382.657175,878.000000,117.000000,37.711669,30.857390,18801.511430,3443.066128,162537.116442,117.000000,185.122001,1389.206123,97.158960,382.794307,9.257830,7.650946,0.060868
sample01-tr.png,372,57.226879,226.060694,692.000000,94.000000,32.302759,27.685613,12964.224173,2679.809743,130001.276431,94.000000,187.863116,1382.992302,57.081513,226.052181,8.066961,6.787892,0.061228
sample01-tr.png,373,131.770227,505.320388,309.000000,54.000000,25.179164,15.996812,3373.702827,1124.882977,54451.852059,54.000000,176.219586,1008.367631,131.699653,505.579372,6.171350,3.909848,0.059905
sample01-tr.png,374,136.296167,7.303136,287.000000,48.000000,23.942380,17.036144,3638.384069,1166.318807,48445.023385,48.000000,168.797991,1009.271321,136.477578,6.800207,5.885000,4.258296,0.061439
sample01-tr.png,375,502.507123,332.202279,351.000000,76.000000,23.283561,21.520038,5645.911922,1535.016192,58271.373343,76.000000,166.015309,766.728597,502.454226,332.651653,5.619806,5.565914,0.062426
sample01-tr.png,376,81.625148,14.385528,843.000000,86.000000,37.994935,28.397712,16043.200514,3120.456233,156056.708038,86.000000,185.120650,1814.612884,81.468146,13.850660,9.304574,7.039316,0.060704
sample01-tr.png,377,319.214072,498.747006,668.000000,83.000000,32.244565,26.545930,11897.371509,2536.728121,123433.959248,83.000000,184.781376,1487.156136,319.468791,499.055222,8.050035,6.423027,0.060406
sample01-tr.png,378,295.475771,500.768722,454.000000,70.000000,26.613500,22.613823,7126.045874,1799.040681,85626.997884,70.000000,188.605722,1223.242827,295.457593,501.031656,6.571872,5.669583,0.061910
sample01-tr.png,379,27.638243,426.260982,774.000000,98.000000,38.016011,26.787174,14282.984545,2905.549192,144695.424017,98.000000,186.944992,1476.483919,27.501181,426.212031,9.424151,6.587005,0.060959
sample01-tr.png,380,53.920455,506.988636,176.000000,40.000000,19.466301,11.671871,1388.554642,627.749556,33319.085862,40.000000,189.312988,832.977147,53.942765,507.070438,4.828171,2.889632,0.061405
sample01-tr.png,381,8.524927,215.750733,341.000000,58.000000,25.708143,17.241069,4001.268783,1251.331114,61922.529880,58.000000,181.590997,1067.629826,8.306600,215.612396,6.202714,4.280081,0.059896
sample01-tr.png,382,78.317215,499.967118,517.000000,76.000000,27.827595,24.627782,8837.407677,2072.506507,95176.196650,76.000000,184.093224,1252.318377,78.301699,500.120168,6.845000,6.080962,0.060736
sample01-tr.png,383,7.770227,495.741100,309.000000,52.000000,25.681892,16.314434,3579.065574,1170.098740,56306.520084,52.000000,182.221748,1082.817694,7.575075,495.567050,6.290720,4.020178,0.060360
sample01-tr.png,384,30.051724,501.563218,522.000000,85.000000,30.868837,23.507163,8931.395574,2108.073768,97361.693030,85.000000,186.516653,1145.431683,29.870627,501.553038,7.649908,5.871761,0.061902
sample01-tr.png,385,11.460446,330.113590,493.000000,70.000000,27.689418,24.090468,8414.008167,2007.309925,92221.667598,70.000000,187.062206,1317.452394,11.275635,329.874806,6.815006,5.954534,0.060835
sample01-tr.png,386,12.231132,360.973270,636.000000,97.000000,37.058489,23.799814,10990.905186,2468.350453,116617.750156,97.000000,183.361242,1202.244847,12.064880,360.624331,9.047651,5.941116,0.060946
sample01-tr.png,387,8.420561,69.130841,321.000000,56.000000,25.180458,16.659301,3659.112524,1180.986283,59494.801602,56.000000,185.342061,1062.407171,8.192904,69.051796,6.325379,4.136183,0.062369
sample01-tr.png,388,51.285403,10.496732,459.000000,68.000000,28.146169,21.179119,6610.490590,1726.779716,83403.802761,68.000000,181.707631,1226.526511,51.347395,10.212678,6.983464,5.288342,0.061953
sample01-tr.png,389,6.543689,147.223301,206.000000,42.000000,20.522037,13.013741,1819.798973,745.587998,36815.247853,42.000000,178.714795,876.553520,6.427408,147.279499,5.007832,3.297316,0.061828
sample01-tr.png,390,11.773408,440.485019,534.000000,95.000000,33.449738,22.988794,9256.008285,2182.158029,96368.156940,95.000000,180.464713,1014.401652,11.481363,440.655287,8.327157,5.636225,0.061035
sample01-tr.png,391,364.357934,507.856089,271.000000,38.000000,31.442186,12.161444,2434.902732,996.766871,46402.613301,38.000000,171.227355,1221.121403,363.950207,508.227388,7.459869,2.884518,0.056274
sample01-tr.png,392,329.191057,4.695122,246.000000,38.000000,31.612651,10.738577,1908.767334,875.214738,44477.328304,38.000000,180.802148,1170.456008,329.114791,4.547403,7.687641,2.606620,0.059029
sample01-tr.png,393,509.953020,492.489933,149.000000,35.000000,31.863926,6.511391,707.368197,521.050103,28532.143069,35.000000,191.490893,815.204088,509.988903,493.222926,7.126640,1.613269,0.055414
sample01-tr.png,394,469.313514,4.448649,185.000000,37.000000,25.788671,10.471577,1480.647803,707.287942,33240.507032,37.000000,179.678416,898.392082,469.195229,4.231110,6.470375,2.530280,0.060626
